Trait,Efficacy,Ideology,Interest,Involvement,Knowledge,Media_use,Participation,Political_trust,Sat_democracy
O,0.06865888735232842,-0.10293495596983063,0.12046597622599624,0.09802580089312722,0.060406854350602855,0.078269615762956,0.02410005712725536,-0.02277427284157796,0.03680667786628242
C,0.025691589639273094,0.0814795555859911,0.04737829661488752,0.0029593091291514138,0.07030046959858502,0.0747612373991262,0.0504221669276429,0.010940607870758814,0.08296655348835595
E,0.051616309214929074,0.0030107171422519828,0.06753350145290964,0.06523588263914769,0.014103996513427404,0.0767622228215228,0.02147920339878275,-0.007179031541940923,0.04715859675554099
A,0.023078511376407228,-0.016340236319493905,-0.011679725007055108,0.007306108947467029,0.011025301440217978,0.03483500452378172,0.030289924444770213,0.0656399997819341,0.06262579159925893
N,-0.06607841084999454,-0.05163525359854557,-0.054037416751541695,-0.01650607592451132,-0.09092701126031748,-0.049934081472655,-0.04241146670734392,-0.032458219935335396,-0.08809537142026969
